<?xml version="1.0" encoding="UTF-8"?>
<addon
  id="webinterface.verse"
  version="0.1.0"
  name="Verse"
  provider-name="dangerouslaser">
  <requires>
    <import addon="xbmc.json" version="6.0.0" />
  </requires>
  <extension point="xbmc.webinterface"/>
  <extension point="xbmc.addon.metadata">
    <platform>all</platform>
    <source>https://github.com/dangerouslaser/verse</source>
    <summary lang="en_GB">Modern web interface for Kodi</summary>
    <description lang="en_GB">A modern, fast, and beautiful web interface for Kodi built with React, TypeScript, and Vite. Verse aims to replace Chorus2 with contemporary web technologies.</description>
  </extension>
</addon>
